Date,Close,High,Low,Open,Volume,Ticker
2022-11-10,1799.9000244140625,1822.5,1786.4000244140625,1800.0,306155,PVRINOX.NS
2022-11-11,1844.5,1854.4000244140625,1805.0,1808.9000244140625,680200,PVRINOX.NS
2022-11-14,1814.5,1844.5,1805.0,1844.5,178696,PVRINOX.NS
2022-11-15,1823.4000244140625,1848.0,1810.0,1810.0,301430,PVRINOX.NS
2022-11-16,1777.5999755859375,1839.9000244140625,1770.0,1828.0,322796,PVRINOX.NS
2022-11-17,1752.3499755859375,1799.0,1745.050048828125,1778.0999755859375,320791,PVRINOX.NS
2022-11-18,1728.0,1778.0,1718.3499755859375,1759.4000244140625,714109,PVRINOX.NS
2022-11-21,1749.449951171875,1771.550048828125,1711.0,1743.25,898656,PVRINOX.NS
2022-11-22,1754.550048828125,1760.5999755859375,1730.0,1758.0999755859375,674683,PVRINOX.NS
2022-11-23,1788.699951171875,1793.5,1740.0,1760.0,798452,PVRINOX.NS
2022-11-24,1821.699951171875,1825.0,1788.5999755859375,1797.6500244140625,667714,PVRINOX.NS
2022-11-25,1866.0,1875.0,1828.300048828125,1835.0,1235484,PVRINOX.NS
2022-11-28,1867.25,1873.25,1855.5,1867.5,228561,PVRINOX.NS
2022-11-29,1857.800048828125,1888.0,1846.0999755859375,1870.0,407676,PVRINOX.NS
2022-11-30,1849.4000244140625,1867.0,1838.0,1856.949951171875,747075,PVRINOX.NS
2022-12-01,1898.050048828125,1907.550048828125,1851.5999755859375,1851.5999755859375,813562,PVRINOX.NS
2022-12-02,1899.0,1914.75,1872.1500244140625,1907.300048828125,406070,PVRINOX.NS
2022-12-05,1912.199951171875,1919.75,1889.550048828125,1908.0,291592,PVRINOX.NS
2022-12-06,1917.199951171875,1925.449951171875,1896.75,1912.199951171875,445950,PVRINOX.NS
2022-12-07,1868.800048828125,1920.3499755859375,1863.75,1920.0,409915,PVRINOX.NS
2022-12-08,1894.0,1901.199951171875,1851.3499755859375,1878.1500244140625,249646,PVRINOX.NS
2022-12-09,1883.0999755859375,1909.75,1868.0,1887.5999755859375,218719,PVRINOX.NS
2022-12-12,1889.5,1911.0,1866.6500244140625,1882.0,400740,PVRINOX.NS
2022-12-13,1895.0999755859375,1905.0,1881.25,1887.0,297680,PVRINOX.NS
2022-12-14,1875.3499755859375,1904.0,1859.199951171875,1904.0,333626,PVRINOX.NS
2022-12-15,1810.0999755859375,1882.8499755859375,1802.0,1878.0,599825,PVRINOX.NS
2022-12-16,1830.550048828125,1837.0,1801.25,1818.0,899926,PVRINOX.NS
2022-12-19,1845.6500244140625,1850.0999755859375,1810.5999755859375,1848.0,460542,PVRINOX.NS
2022-12-20,1813.8499755859375,1852.0,1797.0999755859375,1852.0,341468,PVRINOX.NS
2022-12-21,1731.449951171875,1832.1500244140625,1725.0999755859375,1821.0,678311,PVRINOX.NS
2022-12-22,1726.949951171875,1759.4000244140625,1712.0,1730.0,754595,PVRINOX.NS
2022-12-23,1630.6500244140625,1716.0,1617.3499755859375,1710.0,832447,PVRINOX.NS
2022-12-26,1671.800048828125,1682.4000244140625,1607.9000244140625,1625.0,628951,PVRINOX.NS
2022-12-27,1727.8499755859375,1733.25,1676.3499755859375,1676.3499755859375,651732,PVRINOX.NS
2022-12-28,1716.8499755859375,1731.8499755859375,1710.199951171875,1725.0,434449,PVRINOX.NS
2022-12-29,1704.550048828125,1710.0,1662.949951171875,1700.0,516209,PVRINOX.NS
2022-12-30,1720.1500244140625,1732.0,1697.550048828125,1709.949951171875,227031,PVRINOX.NS
2023-01-02,1726.4000244140625,1742.0,1710.0,1728.800048828125,224713,PVRINOX.NS
2023-01-03,1714.4000244140625,1738.0,1711.0,1730.949951171875,118650,PVRINOX.NS
2023-01-04,1703.550048828125,1771.4000244140625,1692.0999755859375,1760.0,914829,PVRINOX.NS
2023-01-05,1676.75,1716.0,1665.050048828125,1713.0,418733,PVRINOX.NS
2023-01-06,1629.1500244140625,1681.699951171875,1616.0,1674.0,580588,PVRINOX.NS
2023-01-09,1664.3499755859375,1681.949951171875,1629.699951171875,1642.0,1165874,PVRINOX.NS
2023-01-10,1670.0999755859375,1689.0,1660.0,1660.0,483366,PVRINOX.NS
2023-01-11,1703.25,1714.0,1653.550048828125,1670.0,708593,PVRINOX.NS
2023-01-12,1753.3499755859375,1765.949951171875,1692.1500244140625,1711.800048828125,1457530,PVRINOX.NS
2023-01-13,1754.0,1768.9000244140625,1729.050048828125,1757.949951171875,825000,PVRINOX.NS
2023-01-16,1684.050048828125,1762.300048828125,1663.800048828125,1753.050048828125,1005567,PVRINOX.NS
2023-01-17,1672.5,1699.949951171875,1658.0,1678.1500244140625,409519,PVRINOX.NS
2023-01-18,1669.6500244140625,1685.5999755859375,1654.199951171875,1675.25,633495,PVRINOX.NS
2023-01-19,1677.9000244140625,1684.75,1646.050048828125,1669.8499755859375,697321,PVRINOX.NS
2023-01-20,1610.9000244140625,1714.25,1591.9000244140625,1710.0,2280450,PVRINOX.NS
2023-01-23,1622.949951171875,1645.0,1592.0,1615.0999755859375,949377,PVRINOX.NS
2023-01-24,1681.949951171875,1685.0,1620.6500244140625,1631.0999755859375,1070273,PVRINOX.NS
2023-01-25,1664.300048828125,1685.0,1627.0999755859375,1685.0,1108699,PVRINOX.NS
2023-01-27,1739.800048828125,1755.5,1669.550048828125,1676.8499755859375,1150354,PVRINOX.NS
2023-01-30,1691.5,1740.0,1631.300048828125,1740.0,1173929,PVRINOX.NS
2023-01-31,1697.5999755859375,1710.6500244140625,1665.3499755859375,1688.050048828125,631620,PVRINOX.NS
2023-02-01,1657.9000244140625,1725.0,1641.0,1700.0999755859375,416273,PVRINOX.NS
2023-02-02,1680.1500244140625,1697.3499755859375,1642.1500244140625,1664.0,241082,PVRINOX.NS
2023-02-03,1691.949951171875,1718.550048828125,1680.1500244140625,1680.1500244140625,372284,PVRINOX.NS
2023-02-06,1682.5,1711.199951171875,1675.0,1689.050048828125,229189,PVRINOX.NS
2023-02-07,1681.0,1705.0,1675.0,1687.0,394151,PVRINOX.NS
2023-02-08,1691.550048828125,1702.9000244140625,1679.0,1682.0,298880,PVRINOX.NS
2023-02-09,1683.5,1692.75,1659.949951171875,1690.050048828125,182524,PVRINOX.NS
2023-02-10,1698.75,1716.300048828125,1680.0,1680.0,558715,PVRINOX.NS
2023-02-13,1686.75,1713.800048828125,1680.5,1700.0999755859375,415724,PVRINOX.NS
2023-02-14,1695.050048828125,1702.0,1656.5,1689.0,313716,PVRINOX.NS
2023-02-15,1713.0,1726.550048828125,1691.449951171875,1692.0,376742,PVRINOX.NS
2023-02-16,1711.050048828125,1721.949951171875,1705.0,1720.0999755859375,192720,PVRINOX.NS
2023-02-17,1655.4000244140625,1714.0,1645.9000244140625,1695.25,259075,PVRINOX.NS
2023-02-20,1658.5999755859375,1694.1500244140625,1654.3499755859375,1662.699951171875,311132,PVRINOX.NS
2023-02-21,1654.3499755859375,1687.949951171875,1641.0,1665.449951171875,397282,PVRINOX.NS
2023-02-22,1623.4000244140625,1659.949951171875,1620.0,1656.3499755859375,299210,PVRINOX.NS
2023-02-23,1600.3499755859375,1638.8499755859375,1593.5999755859375,1631.550048828125,372437,PVRINOX.NS
2023-02-24,1597.699951171875,1631.949951171875,1592.6500244140625,1608.4000244140625,583620,PVRINOX.NS
2023-02-27,1529.3499755859375,1601.8499755859375,1518.0,1600.0,1006087,PVRINOX.NS
2023-02-28,1518.199951171875,1528.8499755859375,1501.6500244140625,1528.0,764471,PVRINOX.NS
2023-03-01,1535.25,1546.4000244140625,1485.5,1515.0,1213624,PVRINOX.NS
2023-03-02,1542.300048828125,1562.1500244140625,1534.6500244140625,1535.050048828125,378843,PVRINOX.NS
2023-03-03,1553.5999755859375,1562.0,1545.0,1550.050048828125,325275,PVRINOX.NS
2023-03-06,1579.300048828125,1587.6500244140625,1562.4000244140625,1568.25,311578,PVRINOX.NS
2023-03-08,1567.300048828125,1585.6500244140625,1563.0999755859375,1579.300048828125,170181,PVRINOX.NS
2023-03-09,1541.449951171875,1575.1500244140625,1535.75,1575.1500244140625,373122,PVRINOX.NS
2023-03-10,1519.050048828125,1539.800048828125,1497.050048828125,1539.800048828125,279845,PVRINOX.NS
2023-03-13,1497.050048828125,1525.0999755859375,1483.0,1525.0999755859375,461430,PVRINOX.NS
2023-03-14,1527.8499755859375,1535.75,1494.800048828125,1504.949951171875,428843,PVRINOX.NS
2023-03-15,1547.050048828125,1575.0,1538.0,1552.1500244140625,649405,PVRINOX.NS
2023-03-16,1588.1500244140625,1595.199951171875,1540.050048828125,1546.9000244140625,417049,PVRINOX.NS
2023-03-17,1575.449951171875,1597.0,1557.050048828125,1597.0,411062,PVRINOX.NS
2023-03-20,1546.050048828125,1581.9000244140625,1500.0999755859375,1500.0999755859375,791764,PVRINOX.NS
2023-03-21,1570.199951171875,1585.0,1558.75,1566.0,497876,PVRINOX.NS
2023-03-22,1545.0,1575.699951171875,1536.0,1570.0,212294,PVRINOX.NS
2023-03-23,1548.449951171875,1559.949951171875,1531.199951171875,1549.0,318030,PVRINOX.NS
2023-03-24,1506.1500244140625,1554.75,1500.0,1552.0,330586,PVRINOX.NS
2023-03-27,1506.5999755859375,1522.1500244140625,1493.25,1515.0,188098,PVRINOX.NS
2023-03-28,1495.25,1514.699951171875,1471.0,1507.0,515860,PVRINOX.NS
2023-03-29,1516.449951171875,1523.5,1490.0,1500.949951171875,459704,PVRINOX.NS
2023-03-31,1534.0,1555.0,1524.3499755859375,1524.8499755859375,610495,PVRINOX.NS
2023-04-03,1514.050048828125,1543.6500244140625,1504.0,1542.050048828125,529013,PVRINOX.NS
2023-04-05,1513.699951171875,1520.9000244140625,1502.75,1514.0,563910,PVRINOX.NS
2023-04-06,1529.9000244140625,1534.949951171875,1505.1500244140625,1515.9000244140625,350202,PVRINOX.NS
2023-04-10,1549.800048828125,1551.75,1522.699951171875,1534.949951171875,153553,PVRINOX.NS
2023-04-11,1557.300048828125,1561.699951171875,1541.9000244140625,1555.0,185692,PVRINOX.NS
2023-04-12,1538.5,1570.0,1536.0999755859375,1560.0,260581,PVRINOX.NS
2023-04-13,1530.300048828125,1549.449951171875,1520.25,1543.949951171875,204380,PVRINOX.NS
2023-04-17,1529.800048828125,1535.5999755859375,1513.0,1531.199951171875,270864,PVRINOX.NS
2023-04-18,1547.25,1551.4000244140625,1522.0,1534.75,477347,PVRINOX.NS
2023-04-19,1501.199951171875,1562.0,1495.050048828125,1562.0,929406,PVRINOX.NS
2023-04-20,1508.699951171875,1512.0,1482.449951171875,1510.5,540536,PVRINOX.NS
2023-04-21,1498.800048828125,1521.0,1482.0,1515.0,1161378,PVRINOX.NS
2023-04-24,1477.699951171875,1508.75,1465.25,1508.75,589163,PVRINOX.NS
2023-04-25,1478.5999755859375,1488.800048828125,1458.0999755859375,1480.0,428529,PVRINOX.NS
2023-04-26,1449.6500244140625,1478.0,1438.0999755859375,1478.0,809500,PVRINOX.NS
2023-04-27,1458.800048828125,1465.0,1430.550048828125,1444.6500244140625,697360,PVRINOX.NS
2023-04-28,1463.1500244140625,1476.1500244140625,1454.0,1468.0,638951,PVRINOX.NS
2023-05-02,1480.5999755859375,1485.0,1449.1500244140625,1460.550048828125,1057803,PVRINOX.NS
2023-05-03,1484.800048828125,1493.5999755859375,1468.5999755859375,1484.949951171875,822832,PVRINOX.NS
2023-05-04,1483.199951171875,1495.300048828125,1478.0,1484.0,302756,PVRINOX.NS
2023-05-05,1448.9000244140625,1487.800048828125,1444.0,1487.800048828125,505438,PVRINOX.NS
2023-05-08,1449.25,1462.449951171875,1435.550048828125,1456.300048828125,564399,PVRINOX.NS
2023-05-09,1450.699951171875,1460.0,1445.6500244140625,1450.0,329067,PVRINOX.NS
2023-05-10,1446.300048828125,1457.449951171875,1441.3499755859375,1452.0,181698,PVRINOX.NS
2023-05-11,1454.050048828125,1465.0,1448.25,1455.0,412633,PVRINOX.NS
2023-05-12,1447.0999755859375,1457.949951171875,1441.0,1455.0,178574,PVRINOX.NS
2023-05-15,1465.050048828125,1473.9000244140625,1416.300048828125,1449.949951171875,724042,PVRINOX.NS
2023-05-16,1435.1500244140625,1447.949951171875,1403.4000244140625,1443.0,2049045,PVRINOX.NS
2023-05-17,1366.5999755859375,1443.449951171875,1336.4000244140625,1435.0,2353752,PVRINOX.NS
2023-05-19,1372.5999755859375,1384.949951171875,1365.0,1384.949951171875,189521,PVRINOX.NS
2023-05-22,1348.0,1371.550048828125,1347.0,1371.550048828125,486737,PVRINOX.NS
2023-05-23,1349.9000244140625,1365.050048828125,1341.5,1349.550048828125,695683,PVRINOX.NS
2023-05-24,1365.550048828125,1369.949951171875,1346.800048828125,1350.0,503323,PVRINOX.NS
2023-05-25,1361.300048828125,1369.949951171875,1356.0,1369.949951171875,201762,PVRINOX.NS
2023-05-26,1404.449951171875,1407.5,1352.550048828125,1352.550048828125,782615,PVRINOX.NS
2023-05-30,1415.800048828125,1420.0,1393.0,1398.0,378678,PVRINOX.NS
2023-05-31,1415.3499755859375,1421.949951171875,1408.0,1415.800048828125,393786,PVRINOX.NS
2023-06-01,1416.199951171875,1424.8499755859375,1411.949951171875,1422.0,246275,PVRINOX.NS
2023-06-02,1399.9000244140625,1420.300048828125,1395.8499755859375,1416.25,387978,PVRINOX.NS
2023-06-05,1430.699951171875,1443.5,1408.050048828125,1408.050048828125,907532,PVRINOX.NS
2023-06-06,1449.050048828125,1451.0,1426.9000244140625,1435.0,446228,PVRINOX.NS
2023-06-07,1442.949951171875,1458.5,1440.5999755859375,1451.0,314283,PVRINOX.NS
2023-06-08,1429.5,1445.25,1424.0,1444.5,197707,PVRINOX.NS
2023-06-09,1414.3499755859375,1436.5,1407.0,1430.0,334934,PVRINOX.NS
2023-06-12,1441.25,1447.449951171875,1416.75,1430.949951171875,603346,PVRINOX.NS
2023-06-13,1446.949951171875,1465.0,1441.0,1455.949951171875,328543,PVRINOX.NS
2023-06-14,1456.8499755859375,1463.1500244140625,1445.800048828125,1457.0,349079,PVRINOX.NS
2023-06-15,1498.800048828125,1509.0,1465.5,1470.0,1315471,PVRINOX.NS
2023-06-16,1450.949951171875,1516.800048828125,1445.0,1509.949951171875,1121757,PVRINOX.NS
2023-06-19,1422.949951171875,1455.9000244140625,1414.5999755859375,1452.0,732131,PVRINOX.NS
2023-06-20,1401.5999755859375,1430.699951171875,1391.050048828125,1422.9000244140625,729427,PVRINOX.NS
2023-06-21,1388.25,1409.0999755859375,1380.9000244140625,1402.0,712574,PVRINOX.NS
2023-06-22,1381.5,1395.25,1378.0,1391.6500244140625,329851,PVRINOX.NS
2023-06-23,1381.699951171875,1390.3499755859375,1366.5999755859375,1383.9000244140625,366721,PVRINOX.NS
2023-06-26,1374.949951171875,1390.949951171875,1368.699951171875,1390.699951171875,512503,PVRINOX.NS
2023-06-27,1376.25,1389.300048828125,1373.050048828125,1376.5,348710,PVRINOX.NS
2023-06-28,1379.9000244140625,1399.0,1376.6500244140625,1380.050048828125,474872,PVRINOX.NS
2023-06-30,1373.449951171875,1394.6500244140625,1370.0,1392.949951171875,466839,PVRINOX.NS
2023-07-07,1439.8499755859375,1445.0,1370.0,1370.0,2711798,PVRINOX.NS
2023-07-10,1421.699951171875,1445.949951171875,1399.6500244140625,1443.0,590591,PVRINOX.NS
2023-07-14,1416.75,1426.800048828125,1385.5,1403.0,918350,PVRINOX.NS
2023-07-17,1429.5999755859375,1449.5,1414.050048828125,1424.9000244140625,609788,PVRINOX.NS
2023-07-19,1439.199951171875,1448.0,1403.75,1410.0,700512,PVRINOX.NS
2023-07-20,1448.449951171875,1462.3499755859375,1435.25,1448.949951171875,622405,PVRINOX.NS
2023-07-21,1504.0999755859375,1517.0,1444.5,1450.0,2107123,PVRINOX.NS
2023-07-24,1494.449951171875,1528.0,1464.050048828125,1516.0,1447591,PVRINOX.NS
2023-07-26,1530.1500244140625,1533.4000244140625,1480.050048828125,1490.050048828125,1004164,PVRINOX.NS
2023-07-28,1529.0,1559.0,1522.050048828125,1549.9000244140625,400518,PVRINOX.NS
2023-08-03,1609.949951171875,1636.800048828125,1586.050048828125,1604.050048828125,804853,PVRINOX.NS
2023-08-04,1617.050048828125,1633.0,1604.699951171875,1609.0,397597,PVRINOX.NS
2023-08-07,1600.800048828125,1628.949951171875,1593.9000244140625,1628.949951171875,567226,PVRINOX.NS
2023-08-08,1602.050048828125,1612.199951171875,1579.949951171875,1603.699951171875,368974,PVRINOX.NS
2023-08-09,1640.3499755859375,1648.0,1598.0999755859375,1604.8499755859375,650858,PVRINOX.NS
2023-08-10,1631.25,1659.0,1615.0,1652.9000244140625,778078,PVRINOX.NS
2023-08-11,1638.800048828125,1653.449951171875,1632.0,1637.25,775328,PVRINOX.NS
2023-08-14,1713.550048828125,1732.0,1656.0,1668.0,2797741,PVRINOX.NS
2023-08-16,1712.050048828125,1735.0,1694.550048828125,1734.9000244140625,971750,PVRINOX.NS
2023-08-17,1716.199951171875,1722.449951171875,1700.050048828125,1716.0,496796,PVRINOX.NS
2023-08-18,1720.8499755859375,1743.949951171875,1715.0,1728.699951171875,747748,PVRINOX.NS
2023-08-21,1709.8499755859375,1744.0,1699.199951171875,1744.0,963754,PVRINOX.NS
2023-08-22,1698.75,1724.0,1693.6500244140625,1724.0,413546,PVRINOX.NS
2023-08-23,1708.1500244140625,1717.800048828125,1689.300048828125,1704.050048828125,358199,PVRINOX.NS
2023-08-24,1733.949951171875,1737.5,1706.5999755859375,1708.5999755859375,486246,PVRINOX.NS
2023-08-25,1725.75,1761.550048828125,1718.9000244140625,1732.0,680682,PVRINOX.NS
2023-08-28,1737.25,1755.0,1724.5,1735.0,575487,PVRINOX.NS
2023-08-29,1750.050048828125,1760.0,1737.6500244140625,1750.25,630682,PVRINOX.NS
2023-08-30,1777.0,1784.949951171875,1753.5,1755.9000244140625,550339,PVRINOX.NS
2023-08-31,1790.949951171875,1798.800048828125,1768.949951171875,1780.949951171875,592474,PVRINOX.NS
2023-09-01,1779.0,1793.9000244140625,1771.050048828125,1791.949951171875,391745,PVRINOX.NS
2023-09-04,1795.800048828125,1800.25,1773.25,1794.0,1225468,PVRINOX.NS
2023-09-05,1796.9000244140625,1807.75,1780.0,1798.949951171875,670779,PVRINOX.NS
2023-09-06,1826.3499755859375,1838.449951171875,1800.949951171875,1800.949951171875,906517,PVRINOX.NS
2023-09-07,1847.449951171875,1870.3499755859375,1828.550048828125,1850.0,1620063,PVRINOX.NS
2023-09-08,1849.199951171875,1875.449951171875,1830.0,1874.0,921500,PVRINOX.NS
2023-09-11,1797.4000244140625,1868.800048828125,1790.0,1868.800048828125,1041069,PVRINOX.NS
2023-09-12,1769.75,1809.75,1755.1500244140625,1800.0,758246,PVRINOX.NS
2023-09-13,1779.0999755859375,1802.050048828125,1768.050048828125,1771.0,571747,PVRINOX.NS
2023-09-14,1774.199951171875,1789.0,1767.949951171875,1789.0,374976,PVRINOX.NS
2023-09-15,1762.25,1781.0,1752.0,1769.800048828125,569989,PVRINOX.NS
2023-09-18,1712.050048828125,1760.0,1708.25,1760.0,706512,PVRINOX.NS
2023-09-20,1712.1500244140625,1732.0,1695.050048828125,1701.0,551280,PVRINOX.NS
2023-09-21,1706.300048828125,1725.0,1701.199951171875,1715.949951171875,211508,PVRINOX.NS
2023-09-22,1718.949951171875,1726.0999755859375,1698.6500244140625,1709.0,352418,PVRINOX.NS
2023-09-25,1715.449951171875,1730.0,1707.949951171875,1720.9000244140625,195285,PVRINOX.NS
2023-09-26,1687.949951171875,1724.25,1683.0,1715.449951171875,424185,PVRINOX.NS
2023-09-27,1715.0999755859375,1725.0,1685.5,1693.9000244140625,483393,PVRINOX.NS
2023-09-28,1707.8499755859375,1729.949951171875,1700.0,1720.800048828125,429365,PVRINOX.NS
2023-09-29,1716.949951171875,1729.1500244140625,1702.050048828125,1720.050048828125,397864,PVRINOX.NS
2023-10-03,1714.75,1722.9000244140625,1703.5999755859375,1711.199951171875,278155,PVRINOX.NS
2023-10-04,1693.550048828125,1711.0,1686.0,1710.0,404912,PVRINOX.NS
2023-10-05,1705.6500244140625,1708.800048828125,1693.050048828125,1700.050048828125,181980,PVRINOX.NS
2023-10-06,1704.449951171875,1718.0,1695.75,1701.300048828125,210767,PVRINOX.NS
2023-10-09,1674.800048828125,1697.0,1661.0,1697.0,271055,PVRINOX.NS
2023-10-10,1687.25,1699.6500244140625,1671.449951171875,1694.699951171875,199725,PVRINOX.NS
2023-10-11,1696.199951171875,1714.449951171875,1692.6500244140625,1697.9000244140625,463977,PVRINOX.NS
2023-10-12,1765.9000244140625,1771.0,1701.050048828125,1706.0,1292492,PVRINOX.NS
2023-10-13,1752.8499755859375,1782.4000244140625,1726.050048828125,1764.550048828125,836795,PVRINOX.NS
2023-10-16,1743.75,1768.75,1739.550048828125,1768.75,556628,PVRINOX.NS
2023-10-17,1760.6500244140625,1766.0,1734.0999755859375,1751.050048828125,592435,PVRINOX.NS
2023-10-18,1773.0,1780.800048828125,1756.300048828125,1764.8499755859375,373589,PVRINOX.NS
2023-10-19,1744.550048828125,1787.4000244140625,1735.0999755859375,1772.949951171875,1500348,PVRINOX.NS
2023-10-20,1695.199951171875,1760.0,1685.0,1750.050048828125,1080453,PVRINOX.NS
2023-10-23,1617.199951171875,1699.0,1609.0,1695.550048828125,666433,PVRINOX.NS
2023-10-25,1619.199951171875,1641.5999755859375,1600.0999755859375,1632.0,501695,PVRINOX.NS
2023-10-26,1575.550048828125,1619.9000244140625,1565.4000244140625,1619.9000244140625,876650,PVRINOX.NS
2023-10-27,1605.6500244140625,1613.949951171875,1582.0,1585.0,346883,PVRINOX.NS
2023-10-30,1589.75,1614.8499755859375,1573.0,1612.0,282051,PVRINOX.NS
2023-10-31,1598.25,1609.8499755859375,1587.050048828125,1591.0999755859375,162659,PVRINOX.NS
2023-11-01,1599.6500244140625,1615.5,1594.25,1600.0,405531,PVRINOX.NS
2023-11-02,1612.199951171875,1620.0,1597.6500244140625,1605.0,158694,PVRINOX.NS
2023-11-03,1611.1500244140625,1623.3499755859375,1606.3499755859375,1615.0,144615,PVRINOX.NS
2023-11-06,1653.1500244140625,1657.75,1612.050048828125,1619.699951171875,252346,PVRINOX.NS
2023-11-07,1666.300048828125,1669.0,1647.8499755859375,1650.0,241656,PVRINOX.NS
2023-11-08,1671.300048828125,1674.0,1650.1500244140625,1666.0,238441,PVRINOX.NS
2023-11-09,1664.949951171875,1677.0,1656.0,1677.0,173903,PVRINOX.NS
2023-11-10,1666.199951171875,1683.0,1654.050048828125,1665.9000244140625,213861,PVRINOX.NS
2023-11-13,1637.75,1661.8499755859375,1618.050048828125,1660.0,362981,PVRINOX.NS
2023-11-15,1650.0999755859375,1660.0999755859375,1639.050048828125,1660.0,190596,PVRINOX.NS
2023-11-16,1660.800048828125,1667.4000244140625,1640.0,1648.0,378668,PVRINOX.NS
2023-11-17,1655.0999755859375,1671.0,1646.5,1660.800048828125,213214,PVRINOX.NS
2023-11-20,1669.75,1679.0,1651.0,1655.0,161807,PVRINOX.NS
2023-11-21,1686.550048828125,1694.6500244140625,1663.0999755859375,1670.0,390724,PVRINOX.NS
2023-11-22,1655.050048828125,1695.0,1648.0999755859375,1684.0,171512,PVRINOX.NS
2023-11-23,1653.3499755859375,1665.0,1638.0,1655.949951171875,293091,PVRINOX.NS
2023-11-24,1652.0,1665.8499755859375,1645.550048828125,1650.550048828125,310173,PVRINOX.NS
2023-11-28,1666.300048828125,1670.050048828125,1649.050048828125,1659.75,388653,PVRINOX.NS
2023-11-29,1698.3499755859375,1709.949951171875,1662.949951171875,1674.0,603759,PVRINOX.NS
2023-11-30,1717.5999755859375,1726.0,1705.550048828125,1710.0,845778,PVRINOX.NS
2023-12-01,1740.5,1756.449951171875,1728.800048828125,1728.800048828125,780090,PVRINOX.NS
2023-12-04,1749.9000244140625,1775.0,1730.5999755859375,1766.300048828125,699497,PVRINOX.NS
2023-12-05,1720.75,1754.449951171875,1698.699951171875,1754.449951171875,716127,PVRINOX.NS
2023-12-06,1732.199951171875,1744.949951171875,1721.3499755859375,1721.3499755859375,332550,PVRINOX.NS
2023-12-07,1743.050048828125,1745.0,1722.050048828125,1735.0,295168,PVRINOX.NS
2023-12-08,1744.8499755859375,1759.0,1734.1500244140625,1750.0,344819,PVRINOX.NS
2023-12-11,1769.8499755859375,1794.0,1745.3499755859375,1747.4000244140625,897449,PVRINOX.NS
2023-12-12,1751.300048828125,1781.449951171875,1743.300048828125,1770.0,319034,PVRINOX.NS
2023-12-13,1752.5999755859375,1762.9000244140625,1735.9000244140625,1753.0,304344,PVRINOX.NS
2023-12-14,1769.8499755859375,1777.0,1751.4000244140625,1763.0,647780,PVRINOX.NS
2023-12-15,1776.0,1805.0,1756.0,1795.0,804690,PVRINOX.NS
2023-12-18,1811.050048828125,1830.4000244140625,1777.0,1785.0,1234160,PVRINOX.NS
2023-12-19,1811.550048828125,1823.949951171875,1795.550048828125,1812.0,382622,PVRINOX.NS
2023-12-20,1748.8499755859375,1826.699951171875,1735.5999755859375,1824.0,794632,PVRINOX.NS
2023-12-21,1739.1500244140625,1774.449951171875,1714.0,1740.0,781166,PVRINOX.NS
2023-12-22,1700.800048828125,1764.0,1694.550048828125,1764.0,841954,PVRINOX.NS
2023-12-26,1657.25,1721.0,1655.0,1710.0999755859375,840149,PVRINOX.NS
2023-12-27,1674.300048828125,1677.949951171875,1646.699951171875,1667.0,555912,PVRINOX.NS
2023-12-28,1654.25,1678.199951171875,1650.050048828125,1676.0,463496,PVRINOX.NS
2023-12-29,1659.050048828125,1670.0,1648.0,1657.9000244140625,1044084,PVRINOX.NS
2024-01-01,1660.4000244140625,1674.5,1656.300048828125,1671.0,327117,PVRINOX.NS
2024-01-02,1667.800048828125,1675.0,1647.949951171875,1671.050048828125,369868,PVRINOX.NS
2024-01-03,1713.800048828125,1720.5999755859375,1667.0,1672.0,991740,PVRINOX.NS
2024-01-04,1665.050048828125,1720.0,1656.4000244140625,1720.0,1275014,PVRINOX.NS
2024-01-05,1649.300048828125,1678.800048828125,1638.0,1678.300048828125,782358,PVRINOX.NS
2024-01-08,1582.9000244140625,1655.0,1580.0,1655.0,1208077,PVRINOX.NS
2024-01-09,1562.5,1601.0,1556.25,1600.0,571241,PVRINOX.NS
2024-01-10,1549.199951171875,1564.3499755859375,1528.5999755859375,1560.0,1484209,PVRINOX.NS
2024-01-11,1526.449951171875,1569.0,1520.300048828125,1565.9000244140625,674293,PVRINOX.NS
2024-01-12,1526.449951171875,1565.5,1524.0,1537.0,837352,PVRINOX.NS
2024-01-15,1513.300048828125,1545.0,1505.0,1545.0,917529,PVRINOX.NS
2024-01-16,1505.4000244140625,1525.0,1500.0,1520.0,668990,PVRINOX.NS
2024-01-17,1509.4000244140625,1519.3499755859375,1490.0,1499.9000244140625,692102,PVRINOX.NS
2024-01-19,1502.5,1543.949951171875,1490.25,1494.949951171875,866089,PVRINOX.NS
2024-01-23,1472.8499755859375,1533.0,1468.6500244140625,1530.0,557895,PVRINOX.NS
2024-01-24,1451.300048828125,1483.8499755859375,1436.25,1481.0,1261416,PVRINOX.NS
2024-01-25,1458.75,1478.199951171875,1442.199951171875,1456.0,874296,PVRINOX.NS
2024-01-29,1490.3499755859375,1500.6500244140625,1465.0,1477.0,951120,PVRINOX.NS
2024-01-30,1461.550048828125,1496.300048828125,1459.449951171875,1494.300048828125,477765,PVRINOX.NS
2024-01-31,1455.0,1478.0,1416.5999755859375,1474.0,1673151,PVRINOX.NS
2024-02-01,1434.5,1489.800048828125,1425.0,1454.050048828125,705709,PVRINOX.NS
2024-02-02,1434.5,1463.3499755859375,1431.699951171875,1437.3499755859375,368306,PVRINOX.NS
2024-02-05,1409.5,1442.199951171875,1405.0999755859375,1434.5,576350,PVRINOX.NS
2024-02-06,1406.5,1423.6500244140625,1404.449951171875,1418.0,357953,PVRINOX.NS
2024-02-07,1407.050048828125,1423.0,1393.449951171875,1421.0,743523,PVRINOX.NS
2024-02-08,1429.75,1434.199951171875,1410.5999755859375,1420.0,1371606,PVRINOX.NS
2024-02-09,1405.4000244140625,1440.949951171875,1384.0,1440.949951171875,751744,PVRINOX.NS
2024-02-12,1368.699951171875,1410.9000244140625,1366.25,1406.949951171875,644780,PVRINOX.NS
2024-02-13,1363.5,1377.1500244140625,1348.0,1372.949951171875,739219,PVRINOX.NS
2024-02-14,1368.75,1378.0,1347.300048828125,1360.0,415932,PVRINOX.NS
2024-02-15,1361.8499755859375,1379.0,1358.0,1379.0,378127,PVRINOX.NS
2024-02-16,1382.449951171875,1389.199951171875,1366.8499755859375,1366.8499755859375,360759,PVRINOX.NS
2024-02-19,1382.300048828125,1392.75,1376.050048828125,1390.0,258003,PVRINOX.NS
2024-02-20,1375.0,1387.699951171875,1371.050048828125,1385.0,263603,PVRINOX.NS
2024-02-21,1382.199951171875,1413.5,1375.0,1387.0,717807,PVRINOX.NS
2024-02-22,1382.800048828125,1390.0999755859375,1370.0,1390.050048828125,347179,PVRINOX.NS
2024-02-23,1389.199951171875,1402.050048828125,1382.800048828125,1391.800048828125,323102,PVRINOX.NS
2024-02-26,1406.449951171875,1414.4000244140625,1384.0,1393.0,448431,PVRINOX.NS
2024-02-27,1399.75,1414.449951171875,1388.050048828125,1407.949951171875,788664,PVRINOX.NS
2024-02-28,1364.9000244140625,1415.0,1360.0,1409.9000244140625,539132,PVRINOX.NS
2024-02-29,1371.050048828125,1380.0,1351.0999755859375,1373.3499755859375,547779,PVRINOX.NS
2024-03-01,1391.5,1397.6500244140625,1371.050048828125,1378.949951171875,554777,PVRINOX.NS
2024-03-04,1382.300048828125,1408.949951171875,1379.050048828125,1408.0,393235,PVRINOX.NS
2024-03-05,1390.050048828125,1393.550048828125,1377.4000244140625,1393.550048828125,265368,PVRINOX.NS
2024-03-06,1378.0999755859375,1391.699951171875,1353.550048828125,1378.050048828125,342018,PVRINOX.NS
2024-03-07,1415.5,1422.9000244140625,1377.699951171875,1389.949951171875,900690,PVRINOX.NS
2024-03-11,1379.8499755859375,1427.300048828125,1374.0,1427.0,698330,PVRINOX.NS
2024-03-12,1352.0,1383.0,1342.9000244140625,1383.0,585064,PVRINOX.NS
2024-03-13,1305.0,1358.0999755859375,1290.0,1355.550048828125,1207916,PVRINOX.NS
2024-03-14,1320.300048828125,1324.449951171875,1284.0999755859375,1299.050048828125,468081,PVRINOX.NS
2024-03-15,1310.0999755859375,1338.949951171875,1303.5999755859375,1320.300048828125,309624,PVRINOX.NS
2024-03-18,1314.300048828125,1317.0999755859375,1301.0999755859375,1301.0999755859375,457492,PVRINOX.NS
2024-03-19,1277.050048828125,1318.0,1274.199951171875,1318.0,463519,PVRINOX.NS
2024-03-20,1272.6500244140625,1285.050048828125,1247.9000244140625,1284.949951171875,743226,PVRINOX.NS
2024-03-21,1320.3499755859375,1322.449951171875,1282.6500244140625,1289.5999755859375,507762,PVRINOX.NS
2024-03-22,1329.699951171875,1337.800048828125,1312.0999755859375,1315.050048828125,595348,PVRINOX.NS
2024-03-26,1322.9000244140625,1333.0,1308.0,1320.050048828125,498477,PVRINOX.NS
2024-03-27,1326.8499755859375,1332.050048828125,1311.449951171875,1324.9000244140625,493055,PVRINOX.NS
2024-03-28,1326.25,1333.949951171875,1320.0,1329.0,543828,PVRINOX.NS
2024-04-01,1385.300048828125,1388.949951171875,1325.0,1326.25,546549,PVRINOX.NS
2024-04-02,1389.699951171875,1397.1500244140625,1375.5,1387.0,399735,PVRINOX.NS
2024-04-03,1380.9000244140625,1404.800048828125,1376.8499755859375,1389.699951171875,499024,PVRINOX.NS
2024-04-04,1387.550048828125,1396.4000244140625,1378.300048828125,1394.0,420812,PVRINOX.NS
2024-04-05,1375.949951171875,1387.6500244140625,1362.050048828125,1387.5999755859375,454849,PVRINOX.NS
2024-04-08,1385.3499755859375,1399.0,1378.550048828125,1389.0,545883,PVRINOX.NS
2024-04-09,1384.9000244140625,1391.9000244140625,1370.300048828125,1391.0,538637,PVRINOX.NS
2024-04-10,1410.6500244140625,1418.6500244140625,1386.3499755859375,1395.0,550090,PVRINOX.NS
2024-04-12,1413.949951171875,1429.0,1396.050048828125,1425.050048828125,1431542,PVRINOX.NS
2024-04-15,1395.949951171875,1404.949951171875,1365.0,1400.0,984575,PVRINOX.NS
2024-04-16,1385.050048828125,1416.300048828125,1370.0,1370.0,632602,PVRINOX.NS
2024-04-18,1426.949951171875,1439.9000244140625,1385.25,1400.0,1229229,PVRINOX.NS
2024-04-19,1428.5999755859375,1434.550048828125,1400.0,1420.949951171875,919512,PVRINOX.NS
2024-04-22,1433.3499755859375,1450.449951171875,1420.050048828125,1430.0,486920,PVRINOX.NS
2024-04-23,1420.300048828125,1437.949951171875,1412.5,1433.0,778335,PVRINOX.NS
2024-04-24,1408.300048828125,1425.449951171875,1400.0,1424.0,533512,PVRINOX.NS
2024-04-25,1409.4000244140625,1417.199951171875,1400.0,1413.050048828125,507165,PVRINOX.NS
2024-04-26,1402.8499755859375,1427.949951171875,1395.0999755859375,1415.0,732915,PVRINOX.NS
2024-04-29,1376.699951171875,1409.800048828125,1374.0,1409.800048828125,592498,PVRINOX.NS
2024-04-30,1361.1500244140625,1386.5,1356.25,1376.949951171875,527473,PVRINOX.NS
2024-05-02,1340.8499755859375,1361.1500244140625,1337.0,1361.1500244140625,407186,PVRINOX.NS
2024-05-03,1321.199951171875,1349.949951171875,1313.0,1348.949951171875,424770,PVRINOX.NS
2024-05-06,1320.550048828125,1329.0,1297.0999755859375,1329.0,726638,PVRINOX.NS
2024-05-07,1307.1500244140625,1324.4000244140625,1293.1500244140625,1324.4000244140625,413386,PVRINOX.NS
2024-05-08,1324.3499755859375,1328.5,1297.0999755859375,1307.1500244140625,554009,PVRINOX.NS
2024-05-09,1299.8499755859375,1327.4000244140625,1293.6500244140625,1325.0,647121,PVRINOX.NS
2024-05-10,1288.0999755859375,1304.8499755859375,1278.050048828125,1300.0,547295,PVRINOX.NS
2024-05-13,1315.5999755859375,1319.8499755859375,1268.300048828125,1299.949951171875,502671,PVRINOX.NS
2024-05-14,1297.449951171875,1336.0,1282.050048828125,1319.0,1919509,PVRINOX.NS
2024-05-15,1285.199951171875,1298.6500244140625,1272.5,1296.949951171875,1020100,PVRINOX.NS
2024-05-16,1322.5,1328.449951171875,1287.5,1297.199951171875,893505,PVRINOX.NS
2024-05-17,1324.949951171875,1334.0,1316.050048828125,1322.5,454789,PVRINOX.NS
2024-05-21,1349.300048828125,1357.8499755859375,1316.050048828125,1325.6500244140625,889582,PVRINOX.NS
2024-05-22,1345.199951171875,1355.0,1328.800048828125,1355.0,357951,PVRINOX.NS
2024-05-23,1348.9000244140625,1353.449951171875,1327.6500244140625,1345.449951171875,324448,PVRINOX.NS
2024-05-24,1339.050048828125,1350.0,1333.050048828125,1350.0,319498,PVRINOX.NS
2024-05-27,1339.550048828125,1350.0,1327.0,1350.0,589964,PVRINOX.NS
2024-05-28,1333.449951171875,1353.800048828125,1318.300048828125,1350.1500244140625,620821,PVRINOX.NS
2024-05-29,1335.0999755859375,1342.9000244140625,1325.0,1335.0,266495,PVRINOX.NS
2024-05-30,1312.75,1335.0999755859375,1302.300048828125,1325.0,550735,PVRINOX.NS
2024-05-31,1309.050048828125,1329.550048828125,1305.4000244140625,1315.050048828125,252546,PVRINOX.NS
2024-06-03,1328.4000244140625,1343.25,1318.0999755859375,1343.25,272069,PVRINOX.NS
2024-06-04,1270.449951171875,1328.050048828125,1204.199951171875,1328.050048828125,683741,PVRINOX.NS
2024-06-05,1320.800048828125,1330.4000244140625,1280.0,1286.5,376325,PVRINOX.NS
2024-06-06,1337.5,1340.0,1320.6500244140625,1330.550048828125,283780,PVRINOX.NS
2024-06-07,1338.3499755859375,1355.0,1329.300048828125,1337.0,314798,PVRINOX.NS
2024-06-10,1346.300048828125,1367.75,1332.199951171875,1338.4000244140625,501819,PVRINOX.NS
2024-06-11,1381.449951171875,1384.949951171875,1348.050048828125,1354.9000244140625,999571,PVRINOX.NS
2024-06-12,1397.75,1405.949951171875,1385.050048828125,1390.0,1111153,PVRINOX.NS
2024-06-13,1391.6500244140625,1406.8499755859375,1367.550048828125,1402.0,548452,PVRINOX.NS
2024-06-14,1390.300048828125,1400.25,1382.199951171875,1400.0,373526,PVRINOX.NS
2024-06-18,1403.25,1404.949951171875,1387.3499755859375,1401.0,324413,PVRINOX.NS
2024-06-19,1390.449951171875,1409.0,1383.0,1409.0,436254,PVRINOX.NS
2024-06-20,1383.75,1396.25,1379.550048828125,1395.0,260067,PVRINOX.NS
2024-06-21,1436.8499755859375,1455.0,1382.949951171875,1384.050048828125,1907822,PVRINOX.NS
2024-06-24,1421.0999755859375,1444.800048828125,1416.3499755859375,1435.949951171875,443450,PVRINOX.NS
2024-06-25,1428.0999755859375,1469.949951171875,1417.0,1429.949951171875,1003040,PVRINOX.NS
2024-06-26,1451.699951171875,1464.550048828125,1432.3499755859375,1438.5999755859375,851469,PVRINOX.NS
2024-06-27,1469.25,1473.0,1447.050048828125,1464.6500244140625,790648,PVRINOX.NS
2024-06-28,1427.3499755859375,1476.8499755859375,1419.050048828125,1476.8499755859375,944042,PVRINOX.NS
2024-07-01,1497.800048828125,1513.0,1433.1500244140625,1433.1500244140625,2838402,PVRINOX.NS
2024-07-02,1470.25,1505.0999755859375,1461.0,1505.0,888694,PVRINOX.NS
2024-07-03,1461.0,1476.4000244140625,1455.199951171875,1472.0,378665,PVRINOX.NS
2024-07-04,1469.949951171875,1482.0,1455.300048828125,1461.0,399996,PVRINOX.NS
2024-07-05,1467.8499755859375,1480.9000244140625,1460.449951171875,1471.0,285865,PVRINOX.NS
2024-07-08,1458.1500244140625,1477.9000244140625,1447.5,1470.0,213783,PVRINOX.NS
2024-07-09,1457.8499755859375,1472.0,1452.699951171875,1458.1500244140625,262403,PVRINOX.NS
2024-07-10,1449.8499755859375,1465.75,1421.0999755859375,1465.0,357524,PVRINOX.NS
2024-07-11,1460.199951171875,1475.949951171875,1438.0999755859375,1440.0,285219,PVRINOX.NS
2024-07-12,1476.949951171875,1508.0,1460.199951171875,1460.199951171875,1339704,PVRINOX.NS
2024-07-15,1459.949951171875,1496.0,1454.0,1472.9000244140625,492893,PVRINOX.NS
2024-07-16,1438.300048828125,1466.300048828125,1430.5,1460.0,530010,PVRINOX.NS
2024-07-18,1412.199951171875,1438.0,1401.3499755859375,1438.0,480448,PVRINOX.NS
2024-07-19,1402.5,1428.699951171875,1390.449951171875,1412.25,377202,PVRINOX.NS
2024-07-22,1429.6500244140625,1440.0,1345.0,1345.0,1221712,PVRINOX.NS
2024-07-23,1431.199951171875,1444.0,1371.550048828125,1417.0999755859375,722018,PVRINOX.NS
2024-07-24,1489.300048828125,1495.0,1418.949951171875,1419.050048828125,1082352,PVRINOX.NS
2024-07-25,1497.0,1510.0,1464.0,1485.800048828125,748747,PVRINOX.NS
2024-07-26,1493.8499755859375,1507.5999755859375,1478.699951171875,1492.050048828125,495918,PVRINOX.NS
2024-07-29,1523.699951171875,1537.25,1493.550048828125,1493.8499755859375,796780,PVRINOX.NS
2024-07-30,1518.75,1530.0,1512.699951171875,1523.699951171875,260145,PVRINOX.NS
2024-07-31,1500.25,1536.75,1497.199951171875,1516.0,341577,PVRINOX.NS
2024-08-01,1490.300048828125,1512.0,1480.5,1500.0,229898,PVRINOX.NS
2024-08-02,1470.8499755859375,1494.8499755859375,1466.0999755859375,1480.0,206704,PVRINOX.NS
2024-08-05,1417.800048828125,1459.949951171875,1401.4000244140625,1459.949951171875,416720,PVRINOX.NS
2024-08-06,1406.0999755859375,1447.75,1401.0999755859375,1417.800048828125,185277,PVRINOX.NS
2024-08-07,1463.5999755859375,1468.5,1414.949951171875,1414.949951171875,375609,PVRINOX.NS
2024-08-08,1455.199951171875,1474.8499755859375,1442.550048828125,1455.4000244140625,270354,PVRINOX.NS
2024-08-09,1501.199951171875,1505.0,1467.0,1467.0,412492,PVRINOX.NS
2024-08-12,1475.0999755859375,1510.0,1470.550048828125,1490.0,270372,PVRINOX.NS
2024-08-13,1453.300048828125,1488.949951171875,1450.0,1479.9000244140625,476761,PVRINOX.NS
2024-08-14,1432.9000244140625,1472.0,1423.0,1465.0,301988,PVRINOX.NS
2024-08-16,1500.050048828125,1503.199951171875,1457.0,1460.0,1047796,PVRINOX.NS
2024-08-19,1520.800048828125,1562.4000244140625,1512.9000244140625,1530.0,1311965,PVRINOX.NS
2024-08-20,1505.0,1530.3499755859375,1487.449951171875,1530.0,696087,PVRINOX.NS
2024-08-21,1516.3499755859375,1526.800048828125,1497.0,1500.0,259833,PVRINOX.NS
2024-08-22,1515.1500244140625,1534.800048828125,1510.0999755859375,1525.0,286835,PVRINOX.NS
2024-08-23,1485.800048828125,1520.0,1480.0,1519.0,340053,PVRINOX.NS
2024-08-26,1511.9000244140625,1516.9000244140625,1489.0,1498.0,278133,PVRINOX.NS
2024-08-28,1519.0999755859375,1552.0,1513.550048828125,1522.0,644917,PVRINOX.NS
2024-08-29,1509.300048828125,1524.5999755859375,1496.0999755859375,1519.0999755859375,240045,PVRINOX.NS
2024-08-30,1514.550048828125,1530.0,1510.0,1516.199951171875,172436,PVRINOX.NS
2024-09-02,1513.5,1524.9000244140625,1502.0,1524.9000244140625,189684,PVRINOX.NS
2024-09-03,1515.5999755859375,1524.0999755859375,1507.050048828125,1515.0,174045,PVRINOX.NS
2024-09-04,1527.0999755859375,1539.949951171875,1502.050048828125,1503.0,319450,PVRINOX.NS
2024-09-05,1580.1500244140625,1590.949951171875,1528.300048828125,1528.300048828125,1530650,PVRINOX.NS
2024-09-06,1567.0999755859375,1586.4000244140625,1549.4000244140625,1583.0,653874,PVRINOX.NS
2024-09-09,1566.449951171875,1571.0,1541.8499755859375,1566.9000244140625,220074,PVRINOX.NS
2024-09-10,1601.0999755859375,1610.75,1570.0999755859375,1576.949951171875,640762,PVRINOX.NS
2024-09-11,1584.75,1603.9000244140625,1578.300048828125,1600.949951171875,146187,PVRINOX.NS
2024-09-12,1595.1500244140625,1607.75,1585.0,1598.9000244140625,201472,PVRINOX.NS
2024-09-13,1655.1500244140625,1661.0,1595.1500244140625,1596.25,1503468,PVRINOX.NS
2024-09-16,1689.9000244140625,1704.1500244140625,1657.0,1665.949951171875,894486,PVRINOX.NS
2024-09-17,1669.9000244140625,1707.75,1662.3499755859375,1689.0,540956,PVRINOX.NS
2024-09-18,1676.5999755859375,1718.75,1660.699951171875,1669.9000244140625,636369,PVRINOX.NS
2024-09-19,1673.3499755859375,1692.1500244140625,1636.5,1688.8499755859375,301554,PVRINOX.NS
2024-09-20,1654.199951171875,1685.050048828125,1648.449951171875,1676.050048828125,341329,PVRINOX.NS
2024-09-23,1698.4000244140625,1702.0,1652.0999755859375,1660.0,793404,PVRINOX.NS
2024-09-24,1704.75,1712.949951171875,1687.6500244140625,1698.4000244140625,296758,PVRINOX.NS
2024-09-25,1715.8499755859375,1733.699951171875,1689.1500244140625,1700.3499755859375,403120,PVRINOX.NS
2024-09-26,1740.0,1748.0,1692.199951171875,1715.8499755859375,496082,PVRINOX.NS
2024-09-27,1684.699951171875,1738.050048828125,1675.3499755859375,1738.050048828125,326961,PVRINOX.NS
2024-09-30,1663.6500244140625,1707.050048828125,1651.1500244140625,1684.0,466726,PVRINOX.NS
2024-10-01,1647.3499755859375,1675.050048828125,1640.5999755859375,1675.0,316368,PVRINOX.NS
2024-10-03,1629.699951171875,1639.0,1612.050048828125,1612.050048828125,474034,PVRINOX.NS
2024-10-04,1599.5,1634.0,1587.050048828125,1624.0,379245,PVRINOX.NS
2024-10-07,1548.8499755859375,1620.0,1545.0,1620.0,353021,PVRINOX.NS
2024-10-08,1603.8499755859375,1609.949951171875,1548.1500244140625,1548.8499755859375,441130,PVRINOX.NS
2024-10-09,1596.949951171875,1619.0,1592.0,1619.0,152992,PVRINOX.NS
2024-10-10,1608.25,1626.949951171875,1588.449951171875,1592.0,308542,PVRINOX.NS
2024-10-11,1620.5,1637.75,1600.3499755859375,1615.949951171875,296771,PVRINOX.NS
2024-10-14,1590.0,1628.0,1583.0999755859375,1623.949951171875,301461,PVRINOX.NS
2024-10-15,1620.75,1644.800048828125,1580.0,1601.0,1696734,PVRINOX.NS
2024-10-16,1626.8499755859375,1635.0,1572.699951171875,1597.050048828125,1751845,PVRINOX.NS
2024-10-17,1609.75,1627.550048828125,1594.550048828125,1624.699951171875,486279,PVRINOX.NS
2024-10-18,1610.0999755859375,1658.199951171875,1595.050048828125,1612.949951171875,756705,PVRINOX.NS
2024-10-21,1580.699951171875,1623.9000244140625,1573.0,1623.9000244140625,404215,PVRINOX.NS
2024-10-22,1533.050048828125,1595.0,1526.1500244140625,1595.0,558004,PVRINOX.NS
2024-10-23,1530.550048828125,1554.3499755859375,1513.8499755859375,1533.0,545609,PVRINOX.NS
2024-10-24,1508.800048828125,1539.0,1495.0,1530.550048828125,282412,PVRINOX.NS
2024-10-25,1489.550048828125,1518.5,1463.75,1518.0,329277,PVRINOX.NS
2024-10-28,1530.5,1542.75,1489.550048828125,1489.949951171875,233014,PVRINOX.NS
2024-10-29,1524.8499755859375,1537.300048828125,1496.199951171875,1537.300048828125,285670,PVRINOX.NS
2024-10-31,1570.199951171875,1578.949951171875,1546.5999755859375,1570.0999755859375,551110,PVRINOX.NS
2024-11-01,1575.75,1588.0,1560.0,1585.0,79539,PVRINOX.NS
2024-11-04,1498.0,1578.0,1441.0,1567.0,2186721,PVRINOX.NS
2024-11-06,1515.0,1526.699951171875,1502.050048828125,1504.0,208174,PVRINOX.NS
2024-11-07,1504.8499755859375,1523.0,1497.25,1518.0,272812,PVRINOX.NS
2024-11-08,1467.199951171875,1500.0,1463.699951171875,1500.0,273155,PVRINOX.NS
2024-11-11,1464.0,1486.0999755859375,1452.5,1464.0,149516,PVRINOX.NS
2024-11-12,1478.5999755859375,1502.5,1464.949951171875,1465.0,338471,PVRINOX.NS
2024-11-13,1443.3499755859375,1495.0,1435.0,1475.0,164139,PVRINOX.NS
2024-11-14,1461.550048828125,1479.0,1447.0,1449.1500244140625,527499,PVRINOX.NS
2024-11-18,1435.75,1470.800048828125,1431.9000244140625,1455.0,825613,PVRINOX.NS
2024-11-19,1475.5,1493.550048828125,1444.050048828125,1447.9000244140625,413564,PVRINOX.NS
2024-11-21,1445.199951171875,1483.300048828125,1441.949951171875,1478.8499755859375,316881,PVRINOX.NS
2024-11-22,1465.699951171875,1471.949951171875,1435.3499755859375,1449.050048828125,433892,PVRINOX.NS
2024-11-25,1480.699951171875,1496.550048828125,1474.1500244140625,1490.0,325670,PVRINOX.NS
2024-11-26,1479.699951171875,1488.550048828125,1462.3499755859375,1488.300048828125,401122,PVRINOX.NS
2024-11-27,1514.199951171875,1521.5999755859375,1462.75,1480.5,1298962,PVRINOX.NS
2024-11-28,1519.1500244140625,1542.5999755859375,1503.949951171875,1517.0,528400,PVRINOX.NS
2024-11-29,1540.050048828125,1554.9000244140625,1525.0,1525.0,464903,PVRINOX.NS
2024-12-02,1572.5,1583.199951171875,1547.1500244140625,1560.0,1006254,PVRINOX.NS
2024-12-03,1598.300048828125,1604.199951171875,1563.0999755859375,1583.0,583115,PVRINOX.NS
2024-12-04,1597.699951171875,1610.0,1589.6500244140625,1607.0,553558,PVRINOX.NS
2024-12-05,1577.9000244140625,1620.0,1561.25,1610.0,738747,PVRINOX.NS
2024-12-06,1547.8499755859375,1587.9000244140625,1526.550048828125,1587.9000244140625,891217,PVRINOX.NS
2024-12-09,1480.0999755859375,1569.0,1474.050048828125,1560.0,1228435,PVRINOX.NS
2024-12-10,1492.300048828125,1495.449951171875,1470.0,1489.0,665813,PVRINOX.NS
2024-12-11,1486.5999755859375,1511.0,1477.0,1500.0,390322,PVRINOX.NS
2024-12-12,1459.6500244140625,1486.9000244140625,1455.1500244140625,1480.0,419755,PVRINOX.NS
2024-12-13,1455.199951171875,1463.949951171875,1438.0999755859375,1460.800048828125,541893,PVRINOX.NS
2024-12-16,1474.3499755859375,1484.699951171875,1455.300048828125,1455.300048828125,476715,PVRINOX.NS
2024-12-17,1494.5999755859375,1539.0,1469.050048828125,1481.449951171875,2061454,PVRINOX.NS
2024-12-18,1408.449951171875,1489.5,1404.0,1485.25,1866050,PVRINOX.NS
2024-12-19,1421.25,1425.0,1385.0,1395.0,495245,PVRINOX.NS
2024-12-20,1382.0999755859375,1428.0,1378.0,1423.0,543172,PVRINOX.NS
2024-12-23,1361.0,1407.0,1351.0999755859375,1389.9000244140625,967305,PVRINOX.NS
2024-12-24,1373.8499755859375,1390.0,1358.300048828125,1367.0,513478,PVRINOX.NS
2024-12-26,1336.8499755859375,1379.449951171875,1320.3499755859375,1376.0,1029874,PVRINOX.NS
2024-12-27,1338.6500244140625,1350.4000244140625,1331.050048828125,1336.8499755859375,281337,PVRINOX.NS
2024-12-30,1310.0,1347.6500244140625,1301.9000244140625,1338.6500244140625,429343,PVRINOX.NS
2024-12-31,1304.9000244140625,1312.9000244140625,1285.5999755859375,1307.699951171875,299936,PVRINOX.NS
2025-01-01,1317.25,1321.8499755859375,1302.699951171875,1308.0,209839,PVRINOX.NS
2025-01-02,1320.199951171875,1323.5,1303.949951171875,1317.25,221330,PVRINOX.NS
2025-01-03,1302.1500244140625,1329.0,1295.0999755859375,1326.1500244140625,238934,PVRINOX.NS
2025-01-06,1250.699951171875,1312.449951171875,1243.050048828125,1309.0,739335,PVRINOX.NS
2025-01-07,1222.699951171875,1253.8499755859375,1153.6500244140625,1251.949951171875,3168224,PVRINOX.NS
2025-01-08,1177.699951171875,1216.5999755859375,1166.5,1216.5999755859375,962377,PVRINOX.NS
2025-01-09,1161.5999755859375,1198.0,1158.25,1180.0,844435,PVRINOX.NS
2025-01-10,1135.5,1168.25,1125.0,1168.0,753420,PVRINOX.NS
2025-01-13,1077.949951171875,1135.9000244140625,1073.1500244140625,1135.5999755859375,807130,PVRINOX.NS
2025-01-14,1086.25,1107.9000244140625,1077.449951171875,1089.0,876149,PVRINOX.NS
2025-01-15,1084.550048828125,1110.0,1080.1500244140625,1110.0,691164,PVRINOX.NS
2025-01-16,1083.199951171875,1122.449951171875,1080.699951171875,1095.0,719652,PVRINOX.NS
2025-01-17,1102.199951171875,1110.75,1077.050048828125,1084.75,460597,PVRINOX.NS
2025-01-20,1092.449951171875,1118.0,1082.550048828125,1118.0,365766,PVRINOX.NS
2025-01-21,1077.4000244140625,1110.0,1075.0,1095.0,547665,PVRINOX.NS
2025-01-22,1068.699951171875,1076.8499755859375,1051.550048828125,1074.949951171875,680552,PVRINOX.NS
2025-01-23,1092.800048828125,1098.8499755859375,1061.699951171875,1068.699951171875,452348,PVRINOX.NS
2025-01-24,1064.0999755859375,1099.199951171875,1060.199951171875,1087.300048828125,438523,PVRINOX.NS
2025-01-27,1035.75,1056.3499755859375,1030.0,1052.0,444809,PVRINOX.NS
2025-01-28,1053.949951171875,1059.199951171875,1025.8499755859375,1048.0,566848,PVRINOX.NS
2025-01-29,1083.9000244140625,1086.25,1045.9000244140625,1059.0,359816,PVRINOX.NS
2025-01-30,1068.800048828125,1090.949951171875,1059.3499755859375,1085.0,291186,PVRINOX.NS
2025-01-31,1090.5,1103.9000244140625,1067.0999755859375,1077.0,425538,PVRINOX.NS
2025-02-01,1123.75,1139.9000244140625,1062.0999755859375,1097.9000244140625,551609,PVRINOX.NS
2025-02-03,1112.0,1132.0,1093.0999755859375,1115.550048828125,403857,PVRINOX.NS
2025-02-04,1106.699951171875,1121.4000244140625,1088.1500244140625,1116.550048828125,558687,PVRINOX.NS
2025-02-05,1132.4000244140625,1137.75,1100.050048828125,1100.050048828125,592510,PVRINOX.NS
2025-02-06,1121.3499755859375,1150.5,1085.25,1133.0999755859375,1465907,PVRINOX.NS
2025-02-07,1088.3499755859375,1153.0,1066.0,1126.0,1794207,PVRINOX.NS
2025-02-10,1075.75,1119.5,1071.0999755859375,1088.3499755859375,739910,PVRINOX.NS
2025-02-11,1052.050048828125,1082.75,1043.550048828125,1075.0,459348,PVRINOX.NS
2025-02-12,1054.300048828125,1073.8499755859375,1030.5999755859375,1060.550048828125,635061,PVRINOX.NS
2025-02-13,1060.449951171875,1078.5,1049.3499755859375,1059.0,397984,PVRINOX.NS
2025-02-14,1018.25,1072.949951171875,1005.5999755859375,1069.449951171875,597668,PVRINOX.NS
2025-02-17,1006.5499877929688,1023.2000122070312,999.0,1021.2999877929688,444853,PVRINOX.NS
2025-02-18,988.25,1011.7000122070312,982.4500122070312,1008.7999877929688,465256,PVRINOX.NS
2025-02-19,990.4000244140625,993.9000244140625,977.0499877929688,988.0,470408,PVRINOX.NS
2025-02-20,1009.2000122070312,1014.0,982.0999755859375,993.9000244140625,482715,PVRINOX.NS
2025-02-21,1012.0,1025.0,1005.0,1011.0,364404,PVRINOX.NS
2025-02-24,999.0999755859375,1019.5499877929688,994.1500244140625,1005.9500122070312,458916,PVRINOX.NS
2025-02-25,984.4000244140625,1024.25,967.0,999.5999755859375,1017054,PVRINOX.NS
2025-02-27,916.25,990.8499755859375,901.1500244140625,988.0,1796996,PVRINOX.NS
2025-02-28,903.9500122070312,981.0,866.2999877929688,907.0,734676,PVRINOX.NS
2025-03-03,895.2000122070312,921.3499755859375,888.75,906.0499877929688,461183,PVRINOX.NS
2025-03-04,928.0999755859375,935.9000244140625,875.0,890.0499877929688,906249,PVRINOX.NS
2025-03-05,953.0499877929688,962.5999755859375,929.0,929.0,536503,PVRINOX.NS
2025-03-06,980.7999877929688,983.2000122070312,959.9000244140625,966.4500122070312,551431,PVRINOX.NS
2025-03-07,962.75,989.5,957.0999755859375,980.8499755859375,318772,PVRINOX.NS
2025-03-10,941.4000244140625,974.75,935.2000122070312,957.0,335277,PVRINOX.NS
2025-03-11,939.5499877929688,949.0,909.2000122070312,930.0999755859375,327601,PVRINOX.NS
2025-03-12,916.75,944.1500244140625,910.0999755859375,940.0,233237,PVRINOX.NS
2025-03-13,899.7999877929688,928.8499755859375,898.0,917.0,368733,PVRINOX.NS
2025-03-17,901.25,913.9500122070312,883.9000244140625,892.0,432932,PVRINOX.NS
2025-03-18,961.7000122070312,965.5,910.75,920.0,1156264,PVRINOX.NS
2025-03-19,977.75,983.5499877929688,950.0,966.0,505248,PVRINOX.NS
2025-03-20,960.2000122070312,998.75,953.5999755859375,990.0,366285,PVRINOX.NS
2025-03-21,974.4000244140625,978.5499877929688,958.9000244140625,962.0,328260,PVRINOX.NS
2025-03-24,976.8499755859375,1004.4500122070312,970.0499877929688,984.4000244140625,392155,PVRINOX.NS
2025-03-25,947.7000122070312,989.25,944.9500122070312,986.0,367268,PVRINOX.NS
2025-03-26,926.25,950.2999877929688,920.0,947.7000122070312,367539,PVRINOX.NS
2025-03-27,932.9500122070312,950.0,916.5,929.5999755859375,664174,PVRINOX.NS
2025-03-28,912.5499877929688,949.0,907.0,939.0,511952,PVRINOX.NS
2025-04-01,962.5999755859375,974.9000244140625,913.0,913.0,1351705,PVRINOX.NS
2025-04-02,968.0999755859375,972.7000122070312,932.7000122070312,954.5499877929688,426560,PVRINOX.NS
2025-04-03,959.5499877929688,983.0499877929688,954.0499877929688,955.0,472001,PVRINOX.NS
2025-04-04,899.9500122070312,957.4500122070312,894.0,955.0,474250,PVRINOX.NS
2025-04-07,848.7000122070312,870.0,830.0,859.8499755859375,440078,PVRINOX.NS
2025-04-08,883.7000122070312,888.7999877929688,861.25,875.0,398365,PVRINOX.NS
2025-04-09,869.5,888.7000122070312,862.2999877929688,883.7000122070312,375514,PVRINOX.NS
2025-04-11,915.7000122070312,923.9500122070312,879.2999877929688,900.0,682607,PVRINOX.NS
2025-04-15,945.7999877929688,948.5,921.5499877929688,925.0,266436,PVRINOX.NS
2025-04-16,952.75,955.75,936.0,941.0,206443,PVRINOX.NS
2025-04-17,961.9500122070312,969.25,938.9000244140625,952.75,188712,PVRINOX.NS
2025-04-21,970.7000122070312,982.5,946.8499755859375,968.0999755859375,354646,PVRINOX.NS
2025-04-22,968.4500122070312,998.9000244140625,963.8499755859375,971.0499877929688,367031,PVRINOX.NS
2025-04-23,982.5499877929688,985.9000244140625,963.4000244140625,972.9500122070312,181947,PVRINOX.NS
2025-04-24,1012.0999755859375,1019.5,973.8499755859375,980.0,640089,PVRINOX.NS
2025-04-25,980.0,1033.699951171875,965.0,1020.0,463879,PVRINOX.NS
2025-04-28,982.9500122070312,1002.25,970.0,970.0,187389,PVRINOX.NS
2025-04-29,964.0499877929688,991.9000244140625,960.0999755859375,991.4000244140625,152652,PVRINOX.NS
2025-04-30,942.4000244140625,971.0,935.0,960.0999755859375,262823,PVRINOX.NS
2025-05-02,955.5999755859375,958.0,930.9500122070312,942.4000244140625,186754,PVRINOX.NS
2025-05-05,950.0999755859375,956.0,942.0499877929688,950.75,135660,PVRINOX.NS
2025-05-06,937.5499877929688,956.0,930.0,945.0,136773,PVRINOX.NS
2025-05-07,935.9000244140625,940.0,915.0,925.0,183916,PVRINOX.NS
2025-05-08,932.5,953.0,929.0,929.0,169704,PVRINOX.NS
2025-05-09,921.4500122070312,931.9500122070312,915.0,930.0,141770,PVRINOX.NS
2025-05-12,962.7999877929688,970.0,937.5,948.0,521453,PVRINOX.NS
2025-05-13,946.8499755859375,960.0,940.0,953.0,274640,PVRINOX.NS
2025-05-14,965.6500244140625,971.0,936.0,946.8499755859375,405753,PVRINOX.NS
2025-05-15,991.1500244140625,995.0999755859375,949.0,968.9500122070312,743536,PVRINOX.NS
2025-05-16,1017.4000244140625,1025.0999755859375,976.0499877929688,990.0499877929688,531300,PVRINOX.NS
2025-05-19,990.7000122070312,1031.0,989.3499755859375,1008.0,288691,PVRINOX.NS
2025-05-20,970.2999877929688,992.7999877929688,954.0999755859375,990.7000122070312,685237,PVRINOX.NS
2025-05-21,956.9500122070312,976.5999755859375,955.0,966.0,273871,PVRINOX.NS
2025-05-22,954.1500244140625,972.7999877929688,949.2000122070312,955.0,350255,PVRINOX.NS
2025-05-23,972.7999877929688,984.7999877929688,952.0,956.0499877929688,309726,PVRINOX.NS
2025-05-26,988.9500122070312,993.7999877929688,972.0,973.0,203917,PVRINOX.NS
2025-05-27,992.5999755859375,999.0,984.9500122070312,985.0,206488,PVRINOX.NS
2025-05-28,1015.0,1017.9500122070312,983.9000244140625,985.0,325895,PVRINOX.NS
2025-05-29,1000.6500244140625,1023.5999755859375,996.5499877929688,1021.0,236393,PVRINOX.NS
2025-05-30,985.25,1004.5,980.5499877929688,1000.5999755859375,327377,PVRINOX.NS
2025-06-02,1014.1500244140625,1044.9000244140625,985.0,988.0,1038747,PVRINOX.NS
2025-06-03,1042.800048828125,1053.0,1001.6500244140625,1020.0,671390,PVRINOX.NS
2025-06-04,1060.3499755859375,1079.800048828125,1043.050048828125,1050.0,974645,PVRINOX.NS
2025-06-05,1039.199951171875,1063.699951171875,1035.0,1059.0,327881,PVRINOX.NS
2025-06-06,1020.0,1048.0,1017.0999755859375,1046.0999755859375,247396,PVRINOX.NS
2025-06-09,1012.0999755859375,1034.949951171875,1011.0,1030.0,273655,PVRINOX.NS
2025-06-10,1008.2000122070312,1024.0,1005.9000244140625,1020.9500122070312,170560,PVRINOX.NS
2025-06-11,999.5,1020.0499877929688,997.0,1020.0,205099,PVRINOX.NS
2025-06-12,983.4500122070312,1004.1500244140625,973.7000122070312,995.0,261256,PVRINOX.NS
2025-06-13,954.5499877929688,975.9500122070312,951.5499877929688,975.1500244140625,462567,PVRINOX.NS
2025-06-16,967.5,970.0,936.1500244140625,964.9500122070312,259390,PVRINOX.NS
2025-06-17,951.7999877929688,966.0,949.0,962.0,217783,PVRINOX.NS
2025-06-18,952.5,959.7000122070312,943.0,952.0,218291,PVRINOX.NS
2025-06-19,961.0499877929688,971.5999755859375,950.7999877929688,952.0,257290,PVRINOX.NS
2025-06-20,940.6500244140625,971.8499755859375,936.0,960.0,277846,PVRINOX.NS
2025-06-23,951.9000244140625,955.0,932.0,941.0999755859375,253897,PVRINOX.NS
